{
  "inputFolder": "assets/Plant_png",
  "outputFolder": "assets/plant_growth",
  "frameWidth": 2048,
  "frameHeight": 2048,
  "columns": 8,
  "rows": 6,
  "totalFrames": 46,
  "targetPotWidth": 345.0,
  "detectedPotWidths": [
    324.0,
    325.0,
    327.0,
    339.0,
    342.0,
    343.0,
    345.5,
    345.0,
    345.0,
    345.0,
    345.5,
    345.0,
    345.0,
    345.0,
    345.0,
    345.0,
    345.0,
    347.0,
    350.0,
    350.0,
    350.0,
    351.5,
    354.0,
    354.5,
    355.0,
    355.0,
    356.0,
    331.0,
    345.0,
    376.0,
    374.0,
    294.0,
    296.0,
    299.5,
    345.0,
    298.0,
    298.0,
    296.5,
    295.0,
    296.0,
    296.0,
    297.0,
    301.0,
    295.0,
    308.0,
    306.0
  ],
  "appliedScaleFactors": [
    1.064815,
    1.061538,
    1.055046,
    1.017699,
    1.008772,
    1.005831,
    0.998553,
    1.0,
    1.0,
    1.0,
    0.998553,
    1.0,
    1.0,
    1.0,
    1.0,
    1.0,
    1.0,
    0.994236,
    0.985714,
    0.985714,
    0.985714,
    0.981508,
    0.974576,
    0.973202,
    0.971831,
    0.971831,
    0.969101,
    1.042296,
    1.0,
    0.917553,
    0.92246,
    1.173469,
    1.165541,
    1.15192,
    1.0,
    1.157718,
    1.157718,
    1.163575,
    1.169492,
    1.165541,
    1.165541,
    1.161616,
    1.146179,
    1.169492,
    1.12013,
    1.127451
  ],
  "potCenterXPerFrame": [
    421.88,
    420.051,
    417.323,
    401.533,
    397.507,
    396.348,
    392.98,
    393.7,
    393.875,
    393.7,
    393.305,
    393.7,
    393.7,
    393.55,
    393.55,
    393.55,
    393.55,
    391.282,
    387.287,
    387.928,
    387.583,
    386.272,
    383.691,
    382.663,
    382.464,
    382.318,
    380.614,
    408.736,
    298.15,
    461.07,
    463.536,
    454.309,
    449.141,
    437.96,
    310.875,
    443.117,
    445.085,
    454.318,
    454.055,
    452.171,
    453.046,
    465.634,
    448.213,
    466.335,
    449.676,
    452.221
  ],
  "potTopRimYPerFrame": [
    813.519,
    811.015,
    806.055,
    777.522,
    770.702,
    768.455,
    762.894,
    764.0,
    764.0,
    764.0,
    762.894,
    764.0,
    764.0,
    764.0,
    764.0,
    764.0,
    764.0,
    759.597,
    753.086,
    753.086,
    753.086,
    749.872,
    744.576,
    743.526,
    742.479,
    742.479,
    740.393,
    796.314,
    588.0,
    915.718,
    920.615,
    896.531,
    890.473,
    880.067,
    588.0,
    884.497,
    884.497,
    888.971,
    893.492,
    890.473,
    890.473,
    887.475,
    875.681,
    893.492,
    855.779,
    861.373
  ],
  "correctedAnchorXPerFrame": [
    421.88,
    419.826,
    414.058,
    404.474,
    398.224,
    395.796,
    394.002,
    393.7,
    393.875,
    393.7,
    393.305,
    393.7,
    393.7,
    393.55,
    393.55,
    393.55,
    392.983,
    390.85,
    388.446,
    387.681,
    387.341,
    385.955,
    384.079,
    382.87,
    382.464,
    382.318,
    388.923,
    408.736,
    434.903,
    454.529,
    459.38,
    454.707,
    448.282,
    442.689,
    441.183,
    443.117,
    446.901,
    451.944,
    453.65,
    452.861,
    452.827,
    453.046,
    453.046,
    452.839,
    452.427,
    452.221
  ],
  "correctedAnchorYPerFrame": [
    813.519,
    810.401,
    800.162,
    782.95,
    771.845,
    767.626,
    764.561,
    763.724,
    764.0,
    763.724,
    763.447,
    763.724,
    764.0,
    764.0,
    764.0,
    764.0,
    762.899,
    759.07,
    754.713,
    753.086,
    752.282,
    749.351,
    745.638,
    743.526,
    742.741,
    742.479,
    755.938,
    797.781,
    856.016,
    900.793,
    910.921,
    899.813,
    889.94,
    884.33,
    882.835,
    883.943,
    885.615,
    888.228,
    890.098,
    890.473,
    889.723,
    888.224,
    887.475,
    880.949,
    867.898,
    861.373
  ],
  "temporalSmoothingApplied": true,
  "frames": [
    {
      "frame": 1,
      "file": "frame_001.png",
      "stage": "seed",
      "potWidth": 324.0,
      "scaleFactor": 1.064815,
      "potCenterX": 421.88,
      "potTopRimY": 813.519,
      "correctedAnchorX": 421.88,
      "correctedAnchorY": 813.519
    },
    {
      "frame": 2,
      "file": "frame_002.png",
      "stage": "seed",
      "potWidth": 325.0,
      "scaleFactor": 1.061538,
      "potCenterX": 420.051,
      "potTopRimY": 811.015,
      "correctedAnchorX": 419.826,
      "correctedAnchorY": 810.401
    },
    {
      "frame": 3,
      "file": "frame_003.png",
      "stage": "seed",
      "potWidth": 327.0,
      "scaleFactor": 1.055046,
      "potCenterX": 417.323,
      "potTopRimY": 806.055,
      "correctedAnchorX": 414.058,
      "correctedAnchorY": 800.162
    },
    {
      "frame": 4,
      "file": "frame_004.png",
      "stage": "sprout",
      "potWidth": 339.0,
      "scaleFactor": 1.017699,
      "potCenterX": 401.533,
      "potTopRimY": 777.522,
      "correctedAnchorX": 404.474,
      "correctedAnchorY": 782.95
    },
    {
      "frame": 5,
      "file": "frame_005.png",
      "stage": "sprout",
      "potWidth": 342.0,
      "scaleFactor": 1.008772,
      "potCenterX": 397.507,
      "potTopRimY": 770.702,
      "correctedAnchorX": 398.224,
      "correctedAnchorY": 771.845
    },
    {
      "frame": 6,
      "file": "frame_006.png",
      "stage": "sprout",
      "potWidth": 343.0,
      "scaleFactor": 1.005831,
      "potCenterX": 396.348,
      "potTopRimY": 768.455,
      "correctedAnchorX": 395.796,
      "correctedAnchorY": 767.626
    },
    {
      "frame": 7,
      "file": "frame_007.png",
      "stage": "sprout",
      "potWidth": 345.5,
      "scaleFactor": 0.998553,
      "potCenterX": 392.98,
      "potTopRimY": 762.894,
      "correctedAnchorX": 394.002,
      "correctedAnchorY": 764.561
    },
    {
      "frame": 8,
      "file": "frame_008.png",
      "stage": "seedling",
      "potWidth": 345.0,
      "scaleFactor": 1.0,
      "potCenterX": 393.7,
      "potTopRimY": 764.0,
      "correctedAnchorX": 393.7,
      "correctedAnchorY": 763.724
    },
    {
      "frame": 9,
      "file": "frame_009.png",
      "stage": "seedling",
      "potWidth": 345.0,
      "scaleFactor": 1.0,
      "potCenterX": 393.875,
      "potTopRimY": 764.0,
      "correctedAnchorX": 393.875,
      "correctedAnchorY": 764.0
    },
    {
      "frame": 10,
      "file": "frame_010.png",
      "stage": "seedling",
      "potWidth": 345.0,
      "scaleFactor": 1.0,
      "potCenterX": 393.7,
      "potTopRimY": 764.0,
      "correctedAnchorX": 393.7,
      "correctedAnchorY": 763.724
    },
    {
      "frame": 11,
      "file": "frame_011.png",
      "stage": "vegetative",
      "potWidth": 345.5,
      "scaleFactor": 0.998553,
      "potCenterX": 393.305,
      "potTopRimY": 762.894,
      "correctedAnchorX": 393.305,
      "correctedAnchorY": 763.447
    },
    {
      "frame": 12,
      "file": "frame_012.png",
      "stage": "vegetative",
      "potWidth": 345.0,
      "scaleFactor": 1.0,
      "potCenterX": 393.7,
      "potTopRimY": 764.0,
      "correctedAnchorX": 393.7,
      "correctedAnchorY": 763.724
    },
    {
      "frame": 13,
      "file": "frame_013.png",
      "stage": "vegetative",
      "potWidth": 345.0,
      "scaleFactor": 1.0,
      "potCenterX": 393.7,
      "potTopRimY": 764.0,
      "correctedAnchorX": 393.7,
      "correctedAnchorY": 764.0
    },
    {
      "frame": 14,
      "file": "frame_014.png",
      "stage": "vegetative",
      "potWidth": 345.0,
      "scaleFactor": 1.0,
      "potCenterX": 393.55,
      "potTopRimY": 764.0,
      "correctedAnchorX": 393.55,
      "correctedAnchorY": 764.0
    },
    {
      "frame": 15,
      "file": "frame_015.png",
      "stage": "vegetative",
      "potWidth": 345.0,
      "scaleFactor": 1.0,
      "potCenterX": 393.55,
      "potTopRimY": 764.0,
      "correctedAnchorX": 393.55,
      "correctedAnchorY": 764.0
    },
    {
      "frame": 16,
      "file": "frame_016.png",
      "stage": "vegetative",
      "potWidth": 345.0,
      "scaleFactor": 1.0,