{
  "inputFolder": "assets/plant_growth/aligned_frames",
  "outputFolder": "assets/plant_growth",
  "frameWidth": 2048,
  "frameHeight": 2048,
  "columns": 8,
  "rows": 6,
  "totalFrames": 46,
  "targetPotWidth": 198.5,
  "detectedPotWidths": [
    189.0,
    189.0,
    188.0,
    194.0,
    196.5,
    195.0,
    195.0,
    197.0,
    196.0,
    197.0,
    200.0,
    196.5,
    198.0,
    193.5,
    192.0,
    189.0,
    191.5,
    193.0,
    190.0,
    189.5,
    192.0,
    194.0,
    199.0,
    199.0,
    199.0,
    199.0,
    199.0,
    199.0,
    199.0,
    199.0,
    193.5,
    197.0,
    199.0,
    199.0,
    199.0,
    199.0,
    199.0,
    199.0,
    199.0,
    199.0,
    199.0,
    199.0,
    199.0,
    201.0,
    201.0,
    203.0
  ],
  "appliedScaleFactors": [
    1.050265,
    1.050265,
    1.055851,
    1.023196,
    1.010178,
    1.017949,
    1.017949,
    1.007614,
    1.012755,
    1.007614,
    0.9925,
    1.010178,
    1.002525,
    1.02584,
    1.033854,
    1.050265,
    1.036554,
    1.028497,
    1.044737,
    1.047493,
    1.033854,
    1.023196,
    0.997487,
    0.997487,
    0.997487,
    0.997487,
    0.997487,
    0.997487,
    0.997487,
    0.997487,
    1.02584,
    1.007614,
    0.997487,
    0.997487,
    0.997487,
    0.997487,
    0.997487,
    0.997487,
    0.997487,
    0.997487,
    0.997487,
    0.997487,
    0.997487,
    0.987562,
    0.987562,
    0.977833
  ],
  "potCenterXPerFrame": [
    543.932,
    541.359,
    547.195,
    530.783,
    524.282,
    527.603,
    526.33,
    516.1,
    522.43,
    523.657,
    513.668,
    520.292,
    521.413,
    529.59,
    537.139,
    544.09,
    533.514,
    530.962,
    537.935,
    539.092,
    536.88,
    532.676,
    519.142,
    513.008,
    511.162,
    511.063,
    502.36,
    497.397,
    464.63,
    512.01,
    527.589,
    503.152,
    476.001,
    478.445,
    490.664,
    473.906,
    493.208,
    487.422,
    487.896,
    491.063,
    495.402,
    495.701,
    487.921,
    510.026,
    511.31,
    507.593
  ],
  "potTopRimYPerFrame": [
    757.241,
    758.291,
    764.436,
    740.794,
    729.349,
    738.013,
    734.959,
    727.497,
    729.184,
    726.49,
    661.005,
    731.369,
    715.803,
    733.475,
    725.766,
    729.934,
    748.392,
    741.547,
    756.389,
    753.148,
    688.547,
    681.448,
    510.714,
    510.714,
    510.714,
    510.714,
    510.714,
    510.714,
    510.714,
    510.714,
    683.209,
    671.071,
    510.714,
    510.714,
    510.714,
    510.714,
    510.714,
    510.714,
    510.714,
    510.714,
    510.714,
    510.714,
    510.714,
    657.716,
    657.716,
    651.236
  ],
  "correctedAnchorXPerFrame": [
    543.932,
    543.932,
    540.645,
    533.275,
    528.398,
    527.285,
    525.673,
    523.405,
    522.737,
    522.509,
    521.133,
    520.573,
    523.177,
    529.59,
    535.252,
    536.233,
    534.42,
    534.619,
    537.119,
    538.25,
    536.382,
    533.586,
    532.111,
    531.545,
    530.98,
    530.415,
    529.85,
    529.285,
    528.72,
    528.155,
    521.621,
    509.405,
    503.725,
    504.298,
    504.871,
    505.444,
    506.016,
    506.589,
    507.162,
    507.735,
    508.308,
    508.881,
    509.454,
    510.026,
    510.525,
    509.452
  ],
  "correctedAnchorYPerFrame": [
    757.241,
    758.028,
    753.917,
    744.473,
    738.708,
    737.249,
    734.279,
    730.627,
    728.51,
    727.163,
    726.49,
    726.49,
    726.49,
    726.49,
    726.989,
    731.795,
    738.643,
    744.447,
    750.247,
    736.998,
    702.922,
    683.272,
    681.644,
    681.84,
    682.035,
    682.231,
    682.427,
    682.622,
    682.818,
    683.014,
    680.126,
    673.827,
    669.958,
    668.845,
    667.732,
    666.62,
    665.507,
    664.394,
    663.281,
    662.168,
    661.055,
    659.942,
    658.829,
    657.995,
    656.906,
    654.476
  ],
  "temporalSmoothingApplied": true,
  "frames": [
    {
      "frame": 1,
      "file": "frame_001.png",
      "stage": "seed",
      "potWidth": 189.0,
      "scaleFactor": 1.050265,
      "potCenterX": 543.932,
      "potTopRimY": 757.241,
      "correctedAnchorX": 543.932,
      "correctedAnchorY": 757.241
    },
    {
      "frame": 2,
      "file": "frame_002.png",
      "stage": "seed",
      "potWidth": 189.0,
      "scaleFactor": 1.050265,
      "potCenterX": 541.359,
      "potTopRimY": 758.291,
      "correctedAnchorX": 543.932,
      "correctedAnchorY": 758.028
    },
    {
      "frame": 3,
      "file": "frame_003.png",
      "stage": "seed",
      "potWidth": 188.0,
      "scaleFactor": 1.055851,
      "potCenterX": 547.195,
      "potTopRimY": 764.436,
      "correctedAnchorX": 540.645,
      "correctedAnchorY": 753.917
    },
    {
      "frame": 4,
      "file": "frame_004.png",
      "stage": "sprout",
      "potWidth": 194.0,
      "scaleFactor": 1.023196,
      "potCenterX": 530.783,
      "potTopRimY": 740.794,
      "correctedAnchorX": 533.275,
      "correctedAnchorY": 744.473
    },
    {
      "frame": 5,
      "file": "frame_005.png",
      "stage": "sprout",
      "potWidth": 196.5,
      "scaleFactor": 1.010178,
      "potCenterX": 524.282,
      "potTopRimY": 729.349,
      "correctedAnchorX": 528.398,
      "correctedAnchorY": 738.708
    },
    {
      "frame": 6,
      "file": "frame_006.png",
      "stage": "sprout",
      "potWidth": 195.0,
      "scaleFactor": 1.017949,
      "potCenterX": 527.603,
      "potTopRimY": 738.013,
      "correctedAnchorX": 527.285,
      "correctedAnchorY": 737.249
    },
    {
      "frame": 7,
      "file": "frame_007.png",
      "stage": "sprout",
      "potWidth": 195.0,
      "scaleFactor": 1.017949,
      "potCenterX": 526.33,
      "potTopRimY": 734.959,
      "correctedAnchorX": 525.673,
      "correctedAnchorY": 734.279
    },
    {
      "frame": 8,
      "file": "frame_008.png",
      "stage": "seedling",
      "potWidth": 197.0,
      "scaleFactor": 1.007614,
      "potCenterX": 516.1,
      "potTopRimY": 727.497,
      "correctedAnchorX": 523.405,
      "correctedAnchorY": 730.627
    },
    {
      "frame": 9,
      "file": "frame_009.png",
      "stage": "seedling",
      "potWidth": 196.0,
      "scaleFactor": 1.012755,
      "potCenterX": 522.43,
      "potTopRimY": 729.184,
      "correctedAnchorX": 522.737,
      "correctedAnchorY": 728.51
    },
    {
      "frame": 10,
      "file": "frame_010.png",
      "stage": "seedling",
      "potWidth": 197.0,
      "scaleFactor": 1.007614,
      "potCenterX": 523.657,
      "potTopRimY": 726.49,
      "correctedAnchorX": 522.509,
      "correctedAnchorY": 727.163
    },
    {
      "frame": 11,
      "file": "frame_011.png",
      "stage": "vegetative",
      "potWidth": 200.0,
      "scaleFactor": 0.9925,
      "potCenterX": 513.668,
      "potTopRimY": 661.005,
      "correctedAnchorX": 521.133,
      "correctedAnchorY": 726.49
    },
    {
      "frame": 12,
      "file": "frame_012.png",
      "stage": "vegetative",
      "potWidth": 196.5,
      "scaleFactor": 1.010178,
      "potCenterX": 520.292,
      "potTopRimY": 731.369,
      "correctedAnchorX": 520.573,
      "correctedAnchorY": 726.49
    },
    {
      "frame": 13,
      "file": "frame_013.png",
      "stage": "vegetative",
      "potWidth": 198.0,
      "scaleFactor": 1.002525,
      "potCenterX": 521.413,
      "potTopRimY": 715.803,
      "correctedAnchorX": 523.177,
      "correctedAnchorY": 726.49
    },
    {
      "frame": 14,
      "file": "frame_014.png",
      "stage": "vegetative",
      "potWidth": 193.5,
      "scaleFactor": 1.02584,
      "potCenterX": 529.59,
      "potTopRimY": 733.475,
      "correctedAnchorX": 529.59,
      "correctedAnchorY": 726.49
    },
    {
      "frame": 15,
      "file": "frame_015.png",
      "stage": "vegetative",
      "potWidth": 192.0,
      "scaleFactor": 1.033854,
      "potCenterX": 537.139,
      "potTopRimY": 725.766,
      "correctedAnchorX": 535.252,